SNo,ObservationDate,Province/State,Country/Region,Last Update,Confirmed,Deaths,Recovered
1,1/22/2020,Anhui,Mainland China,1/22/2020 17:00,1,0,0
2,1/22/2020,Beijing,Mainland China,1/22/2020 17:00,14,0,0
3,1/22/2020,Chongqing,Mainland China,1/22/2020 17:00,6,0,0
4,1/22/2020,Fujian,Mainland China,1/22/2020 17:00,1,0,0
5,1/22/2020,Gansu,Mainland China,1/22/2020 17:00,0,0,0
6,1/22/2020,Guangdong,Mainland China,1/22/2020 17:00,26,0,0
7,1/22/2020,Guangxi,Mainland China,1/22/2020 17:00,2,0,0
8,1/22/2020,Guizhou,Mainland China,1/22/2020 17:00,1,0,0
9,1/22/2020,Hainan,Mainland China,1/22/2020 17:00,4,0,0
10,1/22/2020,Hebei,Mainland China,1/22/2020 17:00,1,0,0
11,1/22/2020,Heilongjiang,Mainland China,1/22/2020 17:00,0,0,0
12,1/22/2020,Henan,Mainland China,1/22/2020 17:00,5,0,0
13,1/22/2020,Hong Kong,Hong Kong,1/22/2020 17:00,0,0,0
14,1/22/2020,Hubei,Mainland China,1/22/2020 17:00,444,17,28
15,1/22/2020,Hunan,Mainland China,1/22/2020 17:00,4,0,0
16,1/22/2020,Inner Mongolia,Mainland China,1/22/2020 17:00,0,0,0
17,1/22/2020,Jiangsu,Mainland China,1/22/2020 17:00,1,0,0
18,1/22/2020,Jiangxi,Mainland China,1/22/2020 17:00,2,0,0
19,1/22/2020,Jilin,Mainland China,1/22/2020 17:00,0,0,0
20,1/22/2020,Liaoning,Mainland China,1/22/2020 17:00,2,0,0
21,1/22/2020,Macau,Macau,1/22/2020 17:00,1,0,0
22,1/22/2020,Ningxia,Mainland China,1/22/2020 17:00,1,0,0
23,1/22/2020,Qinghai,Mainland China,1/22/2020 17:00,0,0,0
24,1/22/2020,Shaanxi,Mainland China,1/22/2020 17:00,0,0,0
25,1/22/2020,Shandong,Mainland China,1/22/2020 17:00,2,0,0
26,1/22/2020,Shanghai,Mainland China,1/22/2020 17:00,9,0,0
27,1/22/2020,Shanxi,Mainland China,1/22/2020 17:00,1,0,0
28,1/22/2020,Sichuan,Mainland China,1/22/2020 17:00,5,0,0
29,1/22/2020,Taiwan,Taiwan,1/22/2020 17:00,1,0,0
30,1/22/2020,Tianjin,Mainland China,1/22/2020 17:00,4,0,0
31,1/22/2020,Tibet,Mainland China,1/22/2020 17:00,0,0,0
32,1/22/2020,Washington,US,1/22/2020 17:00,1,0,0
33,1/22/2020,Xinjiang,Mainland China,1/22/2020 17:00,0,0,0
34,1/22/2020,Yunnan,Mainland China,1/22/2020 17:00,1,0,0
35,1/22/2020,Zhejiang,Mainland China,1/22/2020 17:00,10,0,0
36,9/23/2020,Yamanashi,Japan,9/24/2020 4:23,180,6,168
37,9/23/2020,Yaroslavl Oblast,Russia,9/24/2020 4:23,8235,46,7841
38,9/23/2020,Yucatan,Mexico,9/24/2020 4:23,17544,1539,15087
39,1/23/2020,Anhui,Mainland China,1/23/2020 17:00,9,0,0
40,1/23/2020,Beijing,Mainland China,1/23/2020 17:00,22,0,0
41,1/23/2020,Chongqing,Mainland China,1/23/2020 17:00,9,0,0
42,1/23/2020,Fujian,Mainland China,1/23/2020 17:00,5,0,0
43,1/23/2020,Gansu,Mainland China,1/23/2020 17:00,2,0,0
44,1/23/2020,Guangdong,Mainland China,1/23/2020 17:00,32,0,2
45,1/23/2020,Guangxi,Mainland China,1/23/2020 17:00,5,0,0
46,1/23/2020,Guizhou,Mainland China,1/23/2020 17:00,3,0,0
47,1/23/2020,Hainan,Mainland China,1/23/2020 17:00,5,0,0
48,1/23/2020,Hebei,Mainland China,1/23/2020 17:00,1,1,0
49,1/23/2020,Heilongjiang,Mainland China,1/23/2020 17:00,2,0,0
50,1/23/2020,Henan,Mainland China,1/23/2020 17:00,5,0,0
51,1/23/2020,Hong Kong,Hong Kong,1/23/2020 17:00,2,0,0
52,1/23/2020,Hubei,Mainland China,1/23/2020 17:00,444,17,28
53,1/23/2020,Hunan,Mainland China,1/23/2020 17:00,9,0,0
54,1/23/2020,Inner Mongolia,Mainland China,1/23/2020 17:00,0,0,0
55,1/23/2020,Jiangsu,Mainland China,1/23/2020 17:00,5,0,0
56,1/23/2020,Jiangxi,Mainland China,1/23/2020 17:00,7,0,0
57,1/23/2020,Jilin,Mainland China,1/23/2020 17:00,1,0,0
58,1/23/2020,Liaoning,Mainland China,1/23/2020 17:00,3,0,0
59,1/23/2020,Macau,Macau,1/23/2020 17:00,2,0,0
60,1/23/2020,Ningxia,Mainland China,1/23/2020 17:00,1,0,0
61,1/23/2020,Qinghai,Mainland China,1/23/2020 17:00,0,0,0
62,1/23/2020,Shaanxi,Mainland China,1/23/2020 17:00,3,0,0
63,1/23/2020,Shandong,Mainland China,1/23/2020 17:00,6,0,0
64,1/23/2020,Shanghai,Mainland China,1/23/2020 17:00,16,0,0
65,1/23/2020,Shanxi,Mainland China,1/23/2020 17:00,1,0,0
66,1/23/2020,Sichuan,Mainland China,1/23/2020 17:00,8,0,0
67,1/23/2020,Taiwan,Taiwan,1/23/2020 17:00,1,0,0
68,1/23/2020,Tianjin,Mainland China,1/23/2020 17:00,4,0,0
69,1/23/2020,Tibet,Mainland China,1/23/2020 17:00,0,0,0
70,1/23/2020,Washington,US,1/23/2020 17:00,1,0,0
71,1/23/2020,Xinjiang,Mainland China,1/23/2020 17:00,2,0,0
72,1/23/2020,Yunnan,Mainland China,1/23/2020 17:00,2,0,0
73,1/23/2020,Zhejiang,Mainland China,1/23/2020 17:00,27,0,0
74,1/24/2020,Hubei,Mainland China,1/24/2020 17:00,549,24,31
75,1/24/2020,Guangdong,Mainland China,1/24/2020 17:00,53,0,2
76,1/24/2020,Zhejiang,Mainland China,1/24/2020 17:00,43,0,1
77,1/24/2020,Beijing,Mainland China,1/24/2020 17:00,36,0,1
78,1/24/2020,Chongqing,Mainland China,1/24/2020 17:00,27,0,0
79,1/24/2020,Hunan,Mainland China,1/24/2020 17:00,24,0,0
80,1/24/2020,Guangxi,Mainland China,1/24/2020 17:00,23,0,0
81,1/24/2020,Shanghai,Mainland China,1/24/2020 17:00,20,0,1
82,1/24/2020,Jiangxi,Mainland China,1/24/2020 17:00,18,0,0
83,1/24/2020,Sichuan,Mainland China,1/24/2020 17:00,15,0,0
84,1/24/2020,Shandong,Mainland China,1/24/2020 17:00,15,0,0
85,1/24/2020,Anhui,Mainland China,1/24/2020 17:00,15,0,0
86,1/24/2020,Fujian,Mainland China,1/24/2020 17:00,10,0,0
87,1/24/2020,Henan,Mainland China,1/24/2020 17:00,9,0,0
88,1/24/2020,Jiangsu,Mainland China,1/24/2020 17:00,9,0,0
89,1/24/2020,Hainan,Mainland China,1/24/2020 17:00,8,0,0
90,1/24/2020,Tianjin,Mainland China,1/24/2020 17:00,8,0,0
91,1/24/2020,Yunnan,Mainland China,1/24/2020 17:00,5,0,0
92,1/24/2020,Shaanxi,Mainland China,1/24/2020 17:00,5,0,0
93,1/24/2020,Heilongjiang,Mainland China,1/24/2020 17:00,4,1,0
94,1/24/2020,Liaoning,Mainland China,1/24/2020 17:00,4,0,0
95,1/24/2020,Guizhou,Mainland China,1/24/2020 17:00,3,0,0
96,1/24/2020,Jilin,Mainland China,1/24/2020 17:00,3,0,0
97,1/24/2020,Taiwan,Taiwan,1/24/2020 17:00,3,0,0
98,1/24/2020,Ningxia,Mainland China,1/24/2020 17:00,2,0,0
99,1/24/2020,Hong Kong,Hong Kong,1/24/2020 17:00,2,0,0
100,1/24/2020,Macau,Macau,1/24/2020 17:00,2,0,0
101,1/24/2020,Hebei,Mainland China,1/24/2020 17:00,2,1,0
102,1/24/2020,Gansu,Mainland China,1/24/2020 17:00,2,0,0
103,1/24/2020,Xinjiang,Mainland China,1/24/2020 17:00,2,0,0
104,1/24/2020,Shanxi,Mainland China,1/24/2020 17:00,1,0,0
105,1/24/2020,Inner Mongolia,Mainland China,1/24/2020 17:00,1,0,0
106,1/24/2020,Qinghai,Mainland China,1/24/2020 17:00,0,0,0
107,1/24/2020,Washington,US,1/24/2020 17:00,1,0,0
108,1/24/2020,Chicago,US,1/24/2020 17:00,1,0,0
109,1/25/2020,Hubei,Mainland China,1/25/2020 17:00,761,40,32
110,1/25/2020,Guangdong,Mainland China,1/25/2020 17:00,78,0,2
111,1/25/2020,Zhejiang,Mainland China,1/25/2020 17:00,62,0,1
112,1/25/2020,Chongqing,Mainland China,1/25/2020 17:00,57,0,0
113,1/25/2020,Hunan,Mainland China,1/25/2020 17:00,43,0,0
114,1/25/2020,Beijing,Mainland China,1/25/2020 17:00,41,0,2
115,1/25/2020,Anhui,Mainland China,1/25/2020 17:00,39,0,0
116,1/25/2020,Shanghai,Mainland China,1/25/2020 17:00,33,0,1
117,1/25/2020,Henan,Mainland China,1/25/2020 17:00,32,0,0
118,1/25/2020,Sichuan,Mainland China,1/25/2020 17:00,28,0,0
119,1/25/2020,Shandong,Mainland China,1/25/2020 17:00,27,0,0
120,1/25/2020,Guangxi,Mainland China,1/25/2020 17:00,23,0,0
121,1/25/2020,Hainan,Mainland China,1/25/2020 17:00,19,0,0
122,1/25/2020,Jiangxi,Mainland China,1/25/2020 17:00,18,0,0
123,1/25/2020,Fujian,Mainland China,1/25/2020 17:00,18,0,0
124,1/25/2020,Jiangsu,Mainland China,1/25/2020 17:00,18,0,1
125,1/25/2020,Liaoning,Mainland China,1/25/2020 17:00,17,0,0
126,1/25/2020,Shaanxi,Mainland China,1/25/2020 17:00,15,0,0
127,1/25/2020,Yunnan,Mainland China,1/25/2020 17:00,11,0,0
128,1/25/2020,Tianjin,Mainland China,1/25/2020 17:00,10,0,0
129,1/25/2020,Heilongjiang,Mainland China,1/25/2020 17:00,9,1,0
130,1/25/2020,Hebei,Mainland China,1/25/2020 17:00,8,1,0
131,1/25/2020,Inner Mongolia,Mainland China,1/25/2020 17:00,7,0,0
132,1/25/2020,Shanxi,Mainland China,1/25/2020 17:00,6,0,0
133,1/25/2020,Hong Kong,Hong Kong,1/25/2020 17:00,5,0,0
134,1/25/2020,Guizhou,Mainland China,1/25/2020 17:00,4,0,0
135,1/25/2020,Jilin,Mainland China,1/25/2020 17:00,4,0,0
136,1/25/2020,Gansu,Mainland China,1/25/2020 17:00,4,0,0
137,1/25/2020,Ningxia,Mainland China,1/25/2020 17:00,3,0,0
138,1/25/2020,Taiwan,Taiwan,1/25/2020 17:00,3,0,0
139,1/25/2020,Xinjiang,Mainland China,1/25/2020 17:00,3,0,0
140,1/25/2020,Macau,Macau,1/25/2020 17:00,2,0,0
141,1/25/2020,Qinghai,Mainland China,1/25/2020 17:00,1,0,0
142,1/25/2020,Washington,US,1/25/2020 17:00,1,0,0
143,1/25/2020,Illinois,US,1/25/2020 17:00,1,0,0
144,1/26/2020,Hubei,Mainland China,1/26/2020 16:00,1058,52,42
145,1/26/2020,Guangdong,Mainland China,1/26/2020 16:00,111,0,2
146,1/26/2020,Zhejiang,Mainland China,1/26/2020 16:00,104,0,1
147,1/26/2020,Henan,Mainland China,1/26/2020 16:00,83,1,0
148,1/26/2020,Chongqing,Mainland China,1/26/2020 16:00,75,0,0
149,1/26/2020,Hunan,Mainland China,1/26/2020 16:00,69,0,0
150,1/26/2020,Beijing,Mainland China,1/26/2020 16:00,68,0,2
151,1/26/2020,Anhui,Mainland China,1/26/2020 16:00,60,0,0
152,1/26/2020,Shandong,Mainland China,1/26/2020 16:00,46,0,0
153,1/26/2020,Sichuan,Mainland China,1/26/2020 16:00,44,0,0
154,1/26/2020,Shanghai,Mainland China,1/26/2020 16:00,40,1,1
155,1/26/2020,Guangxi,Mainland China,1/26/2020 16:00,36,0,0
156,1/26/2020,Jiangxi,Mainland China,1/26/2020 16:00,36,0,0
157,1/26/2020,Fujian,Mainland China,1/26/2020 16:00,35,0,0
158,1/26/2020,Jiangsu,Mainland China,1/26/2020 16:00,33,0,1
159,1/26/2020,Hainan,Mainland China,1/26/2020 16:00,22,0,0
160,1/26/2020,Shaanxi,Mainland China,1/26/2020 16:00,22,0,0
161,1/26/2020,Liaoning,Mainland China,1/26/2020 16:00,21,0,0
162,1/26/2020,Yunnan,Mainland China,1/26/2020 16:00,16,0,0
163,1/26/2020,Heilongjiang,Mainland China,1/26/2020 16:00,15,1,0
164,1/26/2020,Tianjin,Mainland China,1/26/2020 16:00,14,0,0
165,1/26/2020,Hebei,Mainland China,1/26/2020 16:00,13,1,0
166,1/26/2020,Shanxi,Mainland China,1/26/2020 16:00,9,0,0
167,1/26/2020,Hong Kong,Hong Kong,1/26/2020 16:00,8,0,0
168,1/26/2020,Inner Mongolia,Mainland China,1/26/2020 16:00,7,0,0
169,1/26/2020,Gansu,Mainland China,1/26/2020 16:00,7,0,0
170,1/26/2020,Guizhou,Mainland China,1/26/2020 16:00,5,0,0
171,1/26/2020,Macau,Macau,1/26/2020 16:00,5,0,0
172,1/26/2020,Ningxia,Mainland China,1/26/2020 16:00,4,0,0
173,1/26/2020,Jilin,Mainland China,1/26/2020 16:00,4,0,0
174,1/26/2020,Taiwan,Taiwan,1/26/2020 16:00,4,0,0
175,1/26/2020,Xinjiang,Mainland China,1/26/2020 16:00,4,0,0
176,1/26/2020,Qinghai,Mainland China,1/26/2020 16:00,1,0,0
177,1/26/2020,Washington,US,1/26/2020 16:00,1,0,0
178,1/26/2020,Illinois,US,1/26/2020 16:00,1,0,0
179,1/26/2020,California,US,1/26/2020 16:00,2,0,0
180,1/26/2020,Arizona,US,1/26/2020 16:00,1,0,0
181,1/26/2020,Ontario,Canada,1/26/2020 16:00,1,0,0
182,1/27/2020,Hubei,Mainland China,1/27/2020 23:59,1423,76,45
183,1/27/2020,Guangdong,Mainland China,1/27/2020 23:59,151,0,4
184,1/27/2020,Zhejiang,Mainland China,1/27/2020 23:59,128,0,1
185,1/27/2020,Henan,Mainland China,1/27/2020 23:59,128,1,0
186,1/27/2020,Chongqing,Mainland China,1/27/2020 23:59,110,0,0
187,1/27/2020,Hunan,Mainland China,1/27/2020 23:59,100,0,0
188,1/27/2020,Beijing,Mainland China,1/27/2020 23:59,80,1,2
189,1/27/2020,Shandong,Mainland China,1/27/2020 23:59,75,0,0
190,1/27/2020,Jiangxi,Mainland China,1/27/2020 23:59,72,0,2
191,1/27/2020,Anhui,Mainland China,1/27/2020 23:59,70,0,0
192,1/27/2020,Sichuan,Mainland China,1/27/2020 23:59,69,0,0
193,1/27/2020,Fujian,Mainland China,1/27/2020 23:59,59,0,0
194,1/27/2020,Shanghai,Mainland China,1/27/2020 23:59,53,1,3
195,1/27/2020,Jiangsu,Mainland China,1/27/2020 23:59,47,0,1
196,1/27/2020,Guangxi,Mainland China,1/27/2020 23:59,46,0,0
197,1/27/2020,Shaanxi,Mainland China,1/27/2020 23:59,35,0,0
198,1/27/2020,Hainan,Mainland China,1/27/2020 23:59,33,1,0
199,1/27/2020,Liaoning,Mainland China,1/27/2020 23:59,27,0,0
200,1/27/2020,Yunnan,Mainland China,1/27/2020 23:59,26,0,0
201,1/27/2020,Tianjin,Mainland China,1/27/2020 23:59,23,0,0
202,1/27/2020,Heilongjiang,Mainland China,1/27/2020 23:59,21,1,0
203,1/27/2020,Hebei,Mainland China,1/27/2020 23:59,18,1,0
204,1/27/2020,Gansu,Mainland China,1/27/2020 23:59,14,0,0
205,1/27/2020,Shanxi,Mainland China,1/27/2020 23:59,13,0,0
206,1/27/2020,Inner Mongolia,Mainland China,1/27/2020 23:59,11,0,0
207,1/27/2020,Hong Kong,Hong Kong,1/27/2020 23:59,8,0,0
208,1/27/2020,Guizhou,Mainland China,1/27/2020 23:59,7,0,0
209,1/27/2020,Ningxia,Mainland China,1/27/2020 23:59,7,0,0
210,1/27/2020,Jilin,Mainland China,1/27/2020 23:59,6,0,0
211,1/27/2020,Macau,Macau,1/27/2020 23:59,6,0,0
212,1/27/2020,Qinghai,Mainland China,1/27/2020 23:59,6,0,0
213,1/27/2020,Taiwan,Taiwan,1/27/2020 23:59,5,0,0
214,1/27/2020,Xinjiang,Mainland China,1/27/2020 23:59,5,0,0
215,1/27/2020,Washington,US,1/27/2020 23:59,1,0,0
216,1/27/2020,Illinois,US,1/27/2020 23:59,1,0,0
217,1/27/2020,California,US,1/27/2020 23:59,2,0,0
218,1/27/2020,Arizona,US,1/27/2020 23:59,1,0,0
219,1/27/2020,New South Wales,Australia,1/27/2020 23:59,4,0,0
220,1/27/2020,Victoria,Australia,1/27/2020 23:59,1,0,0
221,1/28/2020,Hubei,Mainland China,1/28/2020 23:00,3554,125,80
222,1/28/2020,Guangdong,Mainland China,1/28/2020 23:00,207,0,4
223,1/28/2020,Zhejiang,Mainland China,1/28/2020 23:00,173,0,3
224,1/28/2020,Henan,Mainland China,1/28/2020 23:00,168,1,0
225,1/28/2020,Hunan,Mainland China,1/28/2020 23:00,143,0,0
226,1/28/2020,Chongqing,Mainland China,1/28/2020 23:00,132,0,0
227,1/28/2020,Jiangxi,Mainland China,1/28/2020 23:00,109,0,3
228,1/28/2020,Anhui,Mainland China,1/28/2020 23:00,106,0,0
229,1/28/2020,Shandong,Mainland China,1/28/2020 23:00,95,0,0
230,1/28/2020,Beijing,Mainland China,1/28/2020 23:00,91,1,4
231,1/28/2020,Sichuan,Mainland China,1/28/2020 23:00,90,0,0
232,1/28/2020,Fujian,Mainland China,1/28/2020 23:00,80,0,0
233,1/28/2020,Jiangsu,Mainland China,1/28/2020 23:00,70,0,1
234,1/28/2020,Shanghai,Mainland China,1/28/2020 23:00,66,1,4
235,1/28/2020,Guangxi,Mainland China,1/28/2020 23:00,51,0,2
236,1/28/2020,Shaanxi,Mainland China,1/28/2020 23:00,46,0,0
237,1/28/2020,Yunnan,Mainland China,1/28/2020 23:00,44,0,0
238,1/28/2020,Hainan,Mainland China,1/28/2020 23:00,40,1,0
239,1/28/2020,Liaoning,Mainland China,1/28/2020 23:00,34,0,0
240,1/28/2020,Hebei,Mainland China,1/28/2020 23:00,33,1,0
241,1/28/2020,Heilongjiang,Mainland China,1/28/2020 23:00,33,1,0
242,1/28/2020,Shanxi,Mainland China,1/28/2020 23:00,27,0,0
243,1/28/2020,Tianjin,Mainland China,1/28/2020 23:00,24,0,0
244,1/28/2020,Gansu,Mainland China,1/28/2020 23:00,19,0,0
245,1/28/2020,Inner Mongolia,Mainland China,1/28/2020 23:00,15,0,0
246,1/28/2020,Ningxia,Mainland China,1/28/2020 23:00,11,0,0
247,1/28/2020,Xinjiang,Mainland China,1/28/2020 23:00,10,0,0
248,1/28/2020,Guizhou,Mainland China,1/28/2020 23:00,9,0,0
249,1/28/2020,Jilin,Mainland China,1/28/2020 23:00,8,0,0
250,1/28/2020,Taiwan,Taiwan,1/28/2020 23:00,8,0,0
251,1/28/2020,Hong Kong,Hong Kong,1/28/2020 23:00,8,0,0
252,1/28/2020,Macau,Macau,1/28/2020 23:00,7,0,0
253,1/28/2020,Qinghai,Mainland China,1/28/2020 23:00,6,0,0
254,1/28/2020,Washington,US,1/28/2020 23:00,1,0,0
255,1/28/2020,Illinois,US,1/28/2020 23:00,1,0,0
256,1/28/2020,California,US,1/28/2020 23:00,2,0,0
257,1/28/2020,Arizona,US,1/28/2020 23:00,1,0,0
258,1/28/2020,New South Wales,Australia,1/28/2020 23:00,4,0,0
259,1/28/2020,Victoria,Australia,1/28/2020 23:00,1,0,0
260,1/28/2020,Bavaria,Germany,1/28/2020 23:00,4,0,0
261,1/29/2020,Hubei,Mainland China,1/29/2020 19:30,3554,125,88
262,1/29/2020,Zhejiang,Mainland China,1/29/2020 19:30,296,0,3
263,1/29/2020,Guangdong,Mainland China,1/29/2020 19:30,277,0,5
264,1/29/2020,Hunan,Mainland China,1/29/2020 19:30,221,0,0
265,1/29/2020,Henan,Mainland China,1/29/2020 19:30,206,2,1
266,1/29/2020,Anhui,Mainland China,1/29/2020 19:30,152,0,2
267,1/29/2020,Chongqing,Mainland China,1/29/2020 19:30,147,0,1
268,1/29/2020,Shandong,Mainland China,1/29/2020 19:30,130,0,1
269,1/29/2020,Beijing,Mainland China,1/29/2020 19:30,111,1,4
270,1/29/2020,Jiangxi,Mainland China,1/29/2020 19:30,109,0,3
271,1/29/2020,Sichuan,Mainland China,1/29/2020 19:30,108,1,1
272,1/29/2020,Jiangsu,Mainland China,1/29/2020 19:30,99,0,1
273,1/29/2020,Shanghai,Mainland China,1/29/2020 19:30,96,1,5
274,1/29/2020,Fujian,Mainland China,1/29/2020 19:30,84,0,0
275,1/29/2020,Guangxi,Mainland China,1/29/2020 19:30,58,0,2
276,1/29/2020,Shaanxi,Mainland China,1/29/2020 19:30,56,0,0
277,1/29/2020,Yunnan,Mainland China,1/29/2020 19:30,55,0,0
278,1/29/2020,Hebei,Mainland China,1/29/2020 19:30,48,1,0
279,1/29/2020,Hainan,Mainland China,1/29/2020 19:30,43,1,0
280,1/29/2020,Liaoning,Mainland China,1/29/2020 19:30,39,0,1
281,1/29/2020,Heilongjiang,Mainland China,1/29/2020 19:30,38,1,0
282,1/29/2020,Tianjin,Mainland China,1/29/2020 19:30,27,0,0
283,1/29/2020,Shanxi,Mainland China,1/29/2020 19:30,27,0,1
284,1/29/2020,Gansu,Mainland China,1/29/2020 19:30,24,0,0
285,1/29/2020,Inner Mongolia,Mainland China,1/29/2020 19:30,16,0,0
286,1/29/2020,Xinjiang,Mainland China,1/29/2020 19:30,13,0,0
287,1/29/2020,Ningxia,Mainland China,1/29/2020 19:30,12,0,0
288,1/29/2020,Hong Kong,Hong Kong,1/29/2020 19:30,10,0,0
289,1/29/2020,Guizhou,Mainland China,1/29/2020 19:30,9,0,1
290,1/29/2020,Jilin,Mainland China,1/29/2020 19:30,9,0,0
291,1/29/2020,Taiwan,Taiwan,1/29/2020 19:30,8,0,0
292,1/29/2020,Macau,Macau,1/29/2020 19:30,7,0,0
293,1/29/2020,Qinghai,Mainland China,1/29/2020 19:30,6,0,0
294,1/29/2020,Washington,US,1/29/2020 19:30,1,0,0
295,1/29/2020,Illinois,US,1/29/2020 19:30,1,0,0
296,1/29/2020,California,US,1/29/2020 19:30,2,0,0
297,1/29/2020,Arizona,US,1/29/2020 19:30,1,0,0
298,1/30/2020,Hubei,Mainland China,1/30/2020 16:00,4903,162,90
299,1/30/2020,Zhejiang,Mainland China,1/30/2020 16:00,428,0,4
300,1/30/2020,Guangdong,Mainland China,1/30/2020 16:00,354,0,10
301,1/30/2020,Henan,Mainland China,1/30/2020 16:00,278,2,2
302,1/30/2020,Hunan,Mainland China,1/30/2020 16:00,277,0,2
303,1/30/2020,Anhui,Mainland China,1/30/2020 16:00,200,0,2
304,1/30/2020,Chongqing,Mainland China,1/30/2020 16:00,182,0,1
305,1/30/2020,Jiangxi,Mainland China,1/30/2020 16:00,162,0,5
306,1/30/2020,Shandong,Mainland China,1/30/2020 16:00,158,0,1
307,1/30/2020,Sichuan,Mainland China,1/30/2020 16:00,142,1,1
308,1/30/2020,Jiangsu,Mainland China,1/30/2020 16:00,129,0,1
309,1/30/2020,Beijing,Mainland China,1/30/2020 16:00,114,1,4
310,1/30/2020,Shanghai,Mainland China,1/30/2020 16:00,112,1,5
311,1/30/2020,Fujian,Mainland China,1/30/2020 16:00,101,0,0
312,1/30/2020,Guangxi,Mainland China,1/30/2020 16:00,78,0,2
313,1/30/2020,Yunnan,Mainland China,1/30/2020 16:00,70,0,0
314,1/30/2020,Hebei,Mainland China,1/30/2020 16:00,65,1,0
315,1/30/2020,Shaanxi,Mainland China,1/30/2020 16:00,63,0,0
316,1/30/2020,Hainan,Mainland China,1/30/2020 16:00,46,1,1
317,1/30/2020,Heilongjiang,Mainland China,1/30/2020 16:00,44,2,0
318,1/30/2020,Liaoning,Mainland China,1/30/2020 16:00,41,0,1
319,1/30/2020,Shanxi,Mainland China,1/30/2020 16:00,35,0,1
320,1/30/2020,Tianjin,Mainland China,1/30/2020 16:00,31,0,0
321,1/30/2020,Gansu,Mainland China,1/30/2020 16:00,26,0,0
322,1/30/2020,Inner Mongolia,Mainland China,1/30/2020 16:00,19,0,0
323,1/30/2020,Ningxia,Mainland China,1/30/2020 16:00,17,0,0
324,1/30/2020,Jilin,Mainland China,1/30/2020 16:00,14,0,1
325,1/30/2020,Xinjiang,Mainland China,1/30/2020 16:00,14,0,0
326,1/30/2020,Guizhou,Mainland China,1/30/2020 16:00,12,0,1
327,1/30/2020,Hong Kong,Hong Kong,1/30/2020 16:00,10,0,0
328,1/30/2020,Taiwan,Taiwan,1/30/2020 16:00,9,0,0
329,1/30/2020,Qinghai,Mainland China,1/30/2020 16:00,8,0,0
330,1/30/2020,Macau,Macau,1/30/2020 16:00,7,0,0
331,1/30/2020,Tibet,Mainland China,1/30/2020 16:00,1,0,0
332,1/30/2020,Washington,US,1/30/2020 16:00,1,0,0
333,1/30/2020,Illinois,US,1/30/2020 16:00,1,0,0
334,1/30/2020,California,US,1/30/2020 16:00,2,0,0
335,1/30/2020,Arizona,US,1/30/2020 16:00,1,0,0
336,1/30/2020,Ontario,Canada,1/30/2020 16:00,2,0,0
337,1/30/2020,British Columbia,Canada,1/30/2020 16:00,1,0,0
338,1/30/2020,New South Wales,Australia,1/30/2020 16:00,4,0,2
339,1/30/2020,Victoria,Australia,1/30/2020 16:00,2,0,0
340,1/30/2020,Queensland,Australia,1/30/2020 16:00,3,0,0
341,1/30/2020,Bavaria,Germany,1/30/2020 16:00,4,0,0
342,1/31/2020,Hubei,Mainland China,1/31/2020 23:59,5806,204,141
343,1/31/2020,Zhejiang,Mainland China,1/31/2020 23:59,538,0,14
344,1/31/2020,Guangdong,Mainland China,1/31/2020 23:59,436,0,11
345,1/31/2020,Henan,Mainland China,1/31/2020 23:59,352,2,3
346,1/31/2020,Hunan,Mainland China,1/31/2020 23:59,332,0,2
347,1/31/2020,Jiangxi,Mainland China,1/31/2020 23:59,240,0,7
348,1/31/2020,Anhui,Mainland China,1/31/2020 23:59,237,0,3
349,1/31/2020,Chongqing,Mainland China,1/31/2020 23:59,211,0,1
350,1/31/2020,Shandong,Mainland China,1/31/2020 23:59,184,0,2
351,1/31/2020,Sichuan,Mainland China,1/31/2020 23:59,177,1,1
352,1/31/2020,Jiangsu,Mainland China,1/31/2020 23:59,168,0,5
353,1/31/2020,Beijing,Mainland China,1/31/2020 23:59,139,1,5
354,1/31/2020,Shanghai,Mainland China,1/31/2020 23:59,135,1,9
355,1/31/2020,Fujian,Mainland China,1/31/2020 23:59,120,0,0
356,1/31/2020,Guangxi,Mainland China,1/31/2020 23:59,87,0,2
357,1/31/2020,Shaanxi,Mainland China,1/31/2020 23:59,87,0,0
358,1/31/2020,Yunnan,Mainland China,1/31/2020 23:59,83,0,1
359,1/31/2020,Hebei,Mainland China,1/31/2020 23:59,82,1,0
360,1/31/2020,Heilongjiang,Mainland China,1/31/2020 23:59,59,2,0
361,1/31/2020,Hainan,Mainland China,1/31/2020 23:59,52,1,1
362,1/31/2020,Liaoning,Mainland China,1/31/2020 23:59,48,0,1
363,1/31/2020,Shanxi,Mainland China,1/31/2020 23:59,39,0,1
364,1/31/2020,Tianjin,Mainland China,1/31/2020 23:59,32,0,0
365,1/31/2020,Guizhou,Mainland China,1/31/2020 23:59,29,0,2
366,1/31/2020,Gansu,Mainland China,1/31/2020 23:59,29,0,0
367,1/31/2020,Ningxia,Mainland China,1/31/2020 23:59,21,0,0
368,1/31/2020,Inner Mongolia,Mainland China,1/31/2020 23:59,20,0,1
369,1/31/2020,Xinjiang,Mainland China,1/31/2020 23:59,17,0,0
370,1/31/2020,Jilin,Mainland China,1/31/2020 23:59,14,0,1
371,1/31/2020,Hong Kong,Hong Kong,1/31/2020 23:59,12,0,0
372,1/31/2020,Taiwan,Taiwan,1/31/2020 23:59,10,0,0
373,1/31/2020,Qinghai,Mainland China,1/31/2020 23:59,8,0,0
374,1/31/2020,Macau,Macau,1/31/2020 23:59,7,0,0
375,1/31/2020,Tibet,Mainland China,1/31/2020 23:59,1,0,0
376,1/31/2020,Bavaria,Germany,1/31/2020 23:59,5,0,0
377,1/31/2020,New South Wales,Australia,1/31/2020 23:59,4,0,2
378,1/31/2020,,United Arab Emirates,1/31/2020 23:59,4,0,0
379,1/31/2020,Victoria,Australia,1/31/2020 23:59,3,0,0
380,1/31/2020,Illinois,US,1/31/2020 23:59,2,0,0
381,1/31/2020,California,US,1/31/2020 23:59,2,0,0
382,1/31/2020,Ontario,Canada,1/31/2020 23:59,2,0,0
383,1/31/2020,Queensland,Australia,1/31/2020 23:59,2,0,0
384,1/31/2020,Washington,US,1/31/2020 23:59,1,0,0
385,1/31/2020,Arizona,US,1/31/2020 23:59,1,0,0
386,1/31/2020,British Columbia,Canada,1/31/2020 23:59,1,0,0
387,2/1/2020,Hubei,Mainland China,2/1/2020 11:53,7153,249,168
388,2/1/2020,Zhejiang,Mainland China,2/1/2020 10:53,599,0,21
389,2/1/2020,Guangdong,Mainland China,2/1/2020 14:23,535,0,14
390,2/1/2020,Henan,Mainland China,2/1/2020 1:52,422,2,3
391,2/1/2020,Hunan,Mainland China,2/1/2020 11:03,389,0,8
392,2/1/2020,Anhui,Mainland China,2/1/2020 13:33,297,0,5
393,2/1/2020,Jiangxi,Mainland China,2/1/2020 1:52,286,0,9
394,2/1/2020,Chongqing,Mainland China,2/1/2020 8:43,247,1,3
395,2/1/2020,Sichuan,Mainland China,2/1/2020 1:52,207,1,3
396,2/1/2020,Shandong,Mainland China,2/1/2020 7:51,206,0,3
397,2/1/2020,Jiangsu,Mainland China,2/1/2020 14:03,202,0,6
398,2/1/2020,Shanghai,Mainland China,2/1/2020 6:05,169,1,10
399,2/1/2020,Beijing,Mainland China,2/1/2020 9:17,168,1,9
400,2/1/2020,Fujian,Mainland China,2/1/2020 5:37,144,0,0
401,2/1/2020,Shaanxi,Mainland China,2/1/2020 5:37,101,0,0
402,2/1/2020,Guangxi,Mainland China,2/1/2020 1:52,100,0,2
403,2/1/2020,Hebei,Mainland China,2/1/2020 1:52,96,1,0
404,2/1/2020,Yunnan,Mainland China,2/1/2020 15:53,93,0,2
405,2/1/2020,Heilongjiang,Mainland China,2/1/2020 10:33,80,2,2
406,2/1/2020,Liaoning,Mainland China,2/1/2020 15:23,64,0,1
407,2/1/2020,Hainan,Mainland China,2/1/2020 8:43,62,1,1
408,2/1/2020,Shanxi,Mainland China,2/1/2020 1:52,47,0,1
409,2/1/2020,Tianjin,Mainland China,2/1/2020 15:43,41,0,0
410,2/1/2020,Gansu,Mainland China,2/1/2020 15:43,40,0,0
411,2/1/2020,Guizhou,Mainland China,1/31/2020 15:20,29,0,2
412,2/1/2020,Ningxia,Mainland China,2/1/2020 2:13,26,0,0
413,2/1/2020,Inner Mongolia,Mainland China,2/1/2020 5:37,23,0,1
414,2/2/2020,Hubei,Mainland China,2020-02-02T23:43:02,11177,350,295
415,2/2/2020,Zhejiang,Mainland China,2020-02-02T18:03:05,661,0,32
416,2/2/2020,Guangdong,Mainland China,2020-02-02T18:03:05,632,0,15
417,2/2/2020,Henan,Mainland China,2020-02-02T18:03:05,493,2,10
418,2/2/2020,Hunan,Mainland China,2020-02-02T18:03:05,463,0,16
419,2/2/2020,Anhui,Mainland China,2020-02-02T18:03:05,340,0,7
420,2/2/2020,Jiangxi,Mainland China,2020-02-02T18:03:05,333,0,12
421,2/2/2020,Chongqing,Mainland China,2020-02-02T23:33:02,300,2,7
422,2/2/2020,Jiangsu,Mainland China,2020-02-02T18:03:05,236,0,7
423,2/2/2020,Sichuan,Mainland China,2020-02-02T18:03:05,231,1,11
424,2/2/2020,Shandong,Mainland China,2020-02-02T18:03:05,230,0,6
425,2/2/2020,Beijing,Mainland China,2020-02-02T08:43:02,191,1,9
426,2/2/2020,Shanghai,Mainland China,2020-02-02T05:53:02,182,1,10
427,2/2/2020,Fujian,Mainland China,2020-02-02T03:43:01,159,0,0
428,2/2/2020,Shaanxi,Mainland China,2020-02-02T03:23:14,116,0,0
429,2/2/2020,Guangxi,Mainland China,2020-02-02T00:23:13,111,0,2
430,2/2/2020,Yunnan,Mainland China,2020-02-02T18:03:05,105,0,3
431,2/2/2020,Hebei,Mainland China,2020-02-02T02:53:02,104,1,3
432,2/2/2020,Heilongjiang,Mainland China,2020-02-02T03:23:14,95,2,2
433,2/2/2020,Liaoning,Mainland China,2020-02-02T18:03:05,70,0,1
434,2/2/2020,Shanxi,Mainland China,2020-02-02T23:23:13,66,0,3
435,2/2/2020,Hainan,Mainland China,2020-02-02T18:03:05,64,1,4
436,2/2/2020,Gansu,Mainland China,2020-02-02T23:43:02,51,0,3
437,2/2/2020,Tianjin,Mainland China,2020-02-02T09:43:01,48,0,1
438,2/2/2020,Guizhou,Mainland China,2020-02-02T01:03:32,38,0,2
439,2/2/2020,Ningxia,Mainland China,2020-02-02T01:43:02,28,0,0
440,2/2/2020,Inner Mongolia,Mainland China,2020-02-02T03:43:01,27,0,1
441,2/2/2020,Jilin,Mainland China,2020-02-02T02:33:02,23,0,1
442,2/2/2020,Xinjiang,Mainland China,2020-02-02T00:43:02,21,0,0
443,2/3/2020,"Boston, MA",US,2020-02-01T19:43:03,1,0,0
444,2/3/2020,"Los Angeles, CA",US,2020-02-01T19:53:03,1,0,0
445,2/3/2020,"Orange, CA",US,2020-02-01T19:53:03,1,0,0
446,2/3/2020,"Seattle, WA",US,2020-02-01T19:43:03,1,0,0
447,2/3/2020,"Tempe, AZ",US,2020-02-01T19:43:03,1,0,0
448,2/4/2020,Hubei,Mainland China,2020-02-04T23:43:01,16678,479,522
449,2/4/2020,Zhejiang,Mainland China,2020-02-04T13:03:07,829,0,62
450,2/4/2020,Guangdong,Mainland China,2020-02-04T13:03:07,813,0,30
451,2/4/2020,Henan,Mainland China,2020-02-04T11:53:02,675,2,27
452,2/4/2020,Hunan,Mainland China,2020-02-04T14:03:03,593,0,31
453,2/4/2020,Anhui,Mainland China,2020-02-04T05:33:01,480,0,20
454,2/4/2020,Jiangxi,Mainland China,2020-02-04T14:43:02,476,0,20
455,2/4/2020,Chongqing,Mainland China,2020-02-04T23:43:01,366,2,9
456,2/4/2020,Jiangsu,Mainland China,2020-02-04T11:53:02,308,0,12
457,2/4/2020,Sichuan,Mainland China,2020-02-04T01:43:02,282,1,14
458,2/4/2020,Shandong,Mainland China,2020-02-04T12:03:04,275,0,11
459,2/4/2020,Beijing,Mainland China,2020-02-04T08:33:01,228,1,23
460,2/4/2020,Shanghai,Mainland China,2020-02-04T06:33:02,219,1,12
461,2/4/2020,Fujian,Mainland China,2020-02-04T12:13:11,194,0,3
462,2/4/2020,Heilongjiang,Mainland China,2020-02-04T07:43:01,155,2,4
463,2/4/2020,Shaanxi,Mainland China,2020-02-04T12:33:02,142,0,2
464,2/4/2020,Guangxi,Mainland China,2020-02-04T05:53:01,139,0,10
465,2/4/2020,Hebei,Mainland China,2020-02-04T08:53:01,126,1,4
466,2/4/2020,Yunnan,Mainland China,2020-02-04T23:23:02,122,0,5
467,2/4/2020,Liaoning,Mainland China,2020-02-04T14:13:08,81,0,2
468,2/4/2020,Shanxi,Mainland China,2020-02-04T23:23:02,81,0,4
469,2/4/2020,Hainan,Mainland China,2020-02-04T11:33:03,80,1,5
470,2/4/2020,Tianjin,Mainland China,2020-02-04T13:33:02,67,0,2
471,2/4/2020,Guizhou,Mainland China,2020-02-04T10:43:02,58,0,2
472,2/4/2020,Gansu,Mainland China,2020-02-04T15:43:02,57,0,4
473,2/4/2020,Jilin,Mainland China,2020-02-04T00:23:05,42,0,1
474,2/4/2020,Inner Mongolia,Mainland China,2020-02-04T03:03:07,35,0,1
475,2/4/2020,Ningxia,Mainland China,2020-02-04T02:13:18,34,0,1
476,2/4/2020,Xinjiang,Mainland China,2020-02-04T01:33:01,29,0,0
477,2/24/2020,From Diamond Princess,Australia,2020-02-22T17:03:05,7,0,0
478,2/24/2020,British Columbia,Canada,2020-02-21T05:23:04,6,0,0
479,2/24/2020,Queensland,Australia,2020-02-21T05:43:02,5,0,1
480,2/24/2020,New South Wales,Australia,2020-02-13T17:53:03,4,0,4
481,2/24/2020,Victoria,Australia,2020-02-13T17:53:03,4,0,4
482,2/24/2020,"Toronto, ON",Canada,2020-02-24T14:43:03,3,0,2
483,6/3/2020,Samara Oblast,Russia,6/4/2020 2:33,2770,23,1138
484,6/3/2020,San Andres y Providencia,Colombia,6/4/2020 2:33,17,0,15
485,6/3/2020,San Luis Potosi,Mexico,6/4/2020 2:33,1026,57,689
486,6/3/2020,San Martin,Peru,6/4/2020 2:33,1502,28,0
487,6/3/2020,Santa Catarina,Brazil,6/4/2020 2:33,10034,152,0
488,6/3/2020,Santander,Colombia,6/4/2020 2:33,84,4,47
489,6/3/2020,Sao Paulo,Brazil,6/4/2020 2:33,123483,8276,0
490,6/3/2020,Saratov Oblast,Russia,6/4/2020 2:33,3363,34,1288
491,6/3/2020,Sardegna,Italy,6/4/2020 2:33,1357,131,1080
492,6/3/2020,Saskatchewan,Canada,6/4/2020 2:33,647,11,602
493,6/3/2020,Schleswig-Holstein,Germany,6/4/2020 2:33,3106,146,2900
494,6/3/2020,Sergipe,Brazil,6/4/2020 2:33,7989,180,0
495,6/3/2020,Sevastopol*,Ukraine,6/4/2020 2:33,170,3,139
496,6/3/2020,Shaanxi,Mainland China,6/4/2020 2:33,309,3,305
497,6/3/2020,Shandong,Mainland China,6/4/2020 2:33,792,7,780
498,6/3/2020,Shanghai,Mainland China,6/4/2020 2:33,673,7,661
499,6/3/2020,Shanxi,Mainland China,6/4/2020 2:33,198,0,198
500,6/3/2020,Shiga,Japan,6/4/2020 2:33,100,1,92
,,,,,,,
,,,,,,,
,,,,,,,
,,,,,,,
,,,,,,,
